{
    "info_general": {
        "filas": 1599,
        "columnas": 12,
        "duplicados": 240
    },
    "nulos": {
        "acidez_fija": 0,
        "acidez_volatil": 0,
        "acido_citrico": 0,
        "azucar_residual": 0,
        "cloruros": 0,
        "dioxido_azufre_libre": 0,
        "dioxido_azufre_total": 0,
        "densidad": 0,
        "ph": 0,
        "sulfatos": 0,
        "alcohol": 0,
        "calidad": 0
    },
    "estadisticas": {
        "acidez_fija": {
            "count": 1599.0,
            "mean": 8.31963727329581,
            "std": 1.7410963181276953,
            "min": 4.6,
            "25%": 7.1,
            "50%": 7.9,
            "75%": 9.2,
            "max": 15.9
        },
        "acidez_volatil": {
            "count": 1599.0,
            "mean": 0.5278205128205128,
            "std": 0.17905970415353537,
            "min": 0.12,
            "25%": 0.39,
            "50%": 0.52,
            "75%": 0.64,
            "max": 1.58
        },
        "acido_citrico": {
            "count": 1599.0,
            "mean": 0.2709756097560976,
            "std": 0.19480113740531857,
            "min": 0.0,
            "25%": 0.09,
            "50%": 0.26,
            "75%": 0.42,
            "max": 1.0
        },
        "azucar_residual": {
            "count": 1599.0,
            "mean": 2.53880550343965,
            "std": 1.4099280595072798,
            "min": 0.9,
            "25%": 1.9,
            "50%": 2.2,
            "75%": 2.6,
            "max": 15.5
        },
        "cloruros": {
            "count": 1599.0,
            "mean": 0.08746654158849279,
            "std": 0.0470653020100901,
            "min": 0.012,
            "25%": 0.07,
            "50%": 0.079,
            "75%": 0.09,
            "max": 0.611
        },
        "dioxido_azufre_libre": {
            "count": 1599.0,
            "mean": 15.874921826141339,
            "std": 10.460156969809725,
            "min": 1.0,
            "25%": 7.0,
            "50%": 14.0,
            "75%": 21.0,
            "max": 72.0
        },
        "dioxido_azufre_total": {
            "count": 1599.0,
            "mean": 46.46779237023139,
            "std": 32.895324478299074,
            "min": 6.0,
            "25%": 22.0,
            "50%": 38.0,
            "75%": 62.0,
            "max": 289.0
        },
        "densidad": {
            "count": 1599.0,
            "mean": 0.9967466791744841,
            "std": 0.0018873339538425554,
            "min": 0.99007,
            "25%": 0.9956,
            "50%": 0.99675,
            "75%": 0.997835,
            "max": 1.00369
        },
        "ph": {
            "count": 1599.0,
            "mean": 3.3111131957473416,
            "std": 0.15438646490354277,
            "min": 2.74,
            "25%": 3.21,
            "50%": 3.31,
            "75%": 3.4,
            "max": 4.01
        },
        "sulfatos": {
            "count": 1599.0,
            "mean": 0.6581488430268917,
            "std": 0.16950697959010996,
            "min": 0.33,
            "25%": 0.55,
            "50%": 0.62,
            "75%": 0.73,
            "max": 2.0
        },
        "alcohol": {
            "count": 1599.0,
            "mean": 10.422983114446529,
            "std": 1.0656675818473946,
            "min": 8.4,
            "25%": 9.5,
            "50%": 10.2,
            "75%": 11.1,
            "max": 14.9
        },
        "calidad": {
            "count": 1599.0,
            "mean": 5.6360225140712945,
            "std": 0.807569439734705,
            "min": 3.0,
            "25%": 5.0,
            "50%": 6.0,
            "75%": 6.0,
            "max": 8.0
        }
    },
    "outliers_detectados": {
        "acidez_fija": 49,
        "acidez_volatil": 19,
        "acido_citrico": 1,
        "azucar_residual": 155,
        "cloruros": 112,
        "dioxido_azufre_libre": 30,
        "dioxido_azufre_total": 55,
        "densidad": 45,
        "ph": 35,
        "sulfatos": 59,
        "alcohol": 13,
        "calidad": 28
    },
    "correlacion": {
        "acidez_fija": {
            "acidez_fija": 1.0,
            "acidez_volatil": -0.2561308947703812,
            "acido_citrico": 0.6717034347641064,
            "azucar_residual": 0.11477672449492153,
            "cloruros": 0.09370518632130553,
            "dioxido_azufre_libre": -0.15379419286482468,
            "dioxido_azufre_total": -0.11318144304548165,
            "densidad": 0.6680472921189573,
            "ph": -0.6829781945685302,
            "sulfatos": 0.18300566393215362,
            "alcohol": -0.061668270628151035,
            "calidad": 0.12405164911322257
        },
        "acidez_volatil": {
            "acidez_fija": -0.2561308947703812,
            "acidez_volatil": 1.0,
            "acido_citrico": -0.5524956845595799,
            "azucar_residual": 0.0019178819627909175,
            "cloruros": 0.061297772476461614,
            "dioxido_azufre_libre": -0.01050382700659221,
            "dioxido_azufre_total": 0.07647000482092811,
            "densidad": 0.02202623219523293,
            "ph": 0.23493729440739305,
            "sulfatos": -0.26098668528328917,
            "alcohol": -0.20228802715325636,
            "calidad": -0.390557780264006
        },
        "acido_citrico": {
            "acidez_fija": 0.6717034347641064,
            "acidez_volatil": -0.5524956845595799,
            "acido_citrico": 1.0,
            "azucar_residual": 0.14357716157031455,
            "cloruros": 0.20382291382904225,
            "dioxido_azufre_libre": -0.06097812919230487,
            "dioxido_azufre_total": 0.03553302393116163,
            "densidad": 0.36494717521123443,
            "ph": -0.5419041447395107,
            "sulfatos": 0.3127700438544169,
            "alcohol": 0.109903246641567,
            "calidad": 0.22637251431804045
        },
        "azucar_residual": {
            "acidez_fija": 0.11477672449492153,
            "acidez_volatil": 0.0019178819627909175,
            "acido_citrico": 0.14357716157031455,
            "azucar_residual": 1.0,
            "cloruros": 0.05560953520353226,
            "dioxido_azufre_libre": 0.18704899510428707,
            "dioxido_azufre_total": 0.20302788169710137,
            "densidad": 0.35528337098334967,
            "ph": -0.08565242221887187,
            "sulfatos": 0.005527121339138446,
            "alcohol": 0.04207543720973079,
            "calidad": 0.013731637340065779
        },
        "cloruros": {
            "acidez_fija": 0.09370518632130553,
            "acidez_volatil": 0.061297772476461614,
            "acido_citrico": 0.20382291382904225,
            "azucar_residual": 0.05560953520353226,
            "cloruros": 1.0,
            "dioxido_azufre_libre": 0.005562147004781131,
            "dioxido_azufre_total": 0.047400468259075415,
            "densidad": 0.20063232664151953,
            "ph": -0.2650261311732267,
            "sulfatos": 0.3712604812854267,
            "alcohol": -0.22114054478828277,
            "calidad": -0.12890655993005293
        },
        "dioxido_azufre_libre": {
            "acidez_fija": -0.15379419286482468,
            "acidez_volatil": -0.01050382700659221,
            "acido_citrico": -0.06097812919230487,
            "azucar_residual": 0.18704899510428707,
            "cloruros": 0.005562147004781131,
            "dioxido_azufre_libre": 1.0,
            "dioxido_azufre_total": 0.667666450481023,
            "densidad": -0.021945831163508164,
            "ph": 0.0703774985049412,
            "sulfatos": 0.05165757184282859,
            "alcohol": -0.06940835356500007,
            "calidad": -0.05065605724427594
        },
        "dioxido_azufre_total": {
            "acidez_fija": -0.11318144304548165,
            "acidez_volatil": 0.07647000482092811,
            "acido_citrico": 0.03553302393116163,
            "azucar_residual": 0.20302788169710137,
            "cloruros": 0.047400468259075415,